Timestamp|LogMsg|initials
"2023-05-29 13:07:09"|"Territory table update."|wmk
"2023-05-29 13:07:18"|"Territory table update."|wmk
"2023-05-29 13:07:19"|"Territory table update."|wmk
"2023-05-29 13:07:22"|"Territory table update."|wmk
"2023-05-29 13:07:25"|"Territory table update."|wmk
"2023-05-29 13:07:26"|"Territory table update."|wmk
"2023-05-29 13:07:34"|"Territory table update."|wmk
"2023-05-29 13:07:38"|"Territory table update."|wmk
"2023-05-29 13:07:41"|"Territory table update."|wmk
"2023-05-29 13:07:44"|"Territory table update."|wmk
"2023-05-29 13:07:50"|"Territory table update."|wmk
"2023-05-29 13:07:53"|"Territory table update."|wmk
"2023-05-29 13:07:56"|"Territory table update."|wmk
"2023-05-29 13:08:00"|"Territory table update."|wmk
"2023-05-29 21:16:10"|"Territory table update."|wmk
"2023-05-29 21:16:56"|"Territory table update."|wmk
"2023-05-29 21:17:43"|"Territory table update."|wmk
"2023-06-03 01:25:02"|"Territory table update."|wmk
"2023-06-03 01:25:05"|"Territory table update."|wmk
"2023-06-03 01:25:17"|"Territory table update."|wmk
"2023-06-03 01:25:24"|"Territory table update."|wmk
"2023-06-03 01:25:29"|"Territory table update."|wmk
"2023-06-03 01:25:34"|"Territory table update."|wmk
"2023-06-03 01:25:40"|"Territory table update."|wmk
"2023-06-03 01:25:44"|"Territory table update."|wmk
"2023-06-03 01:25:46"|"Territory table update."|wmk
"2023-06-03 01:25:54"|"Territory table update."|wmk
"2023-06-03 01:25:56"|"Territory table update."|wmk
"2023-06-03 01:25:58"|"Territory table update."|wmk
"2023-06-03 01:26:02"|"Territory table update."|wmk
"2023-06-03 01:26:06"|"Territory table update."|wmk
"2023-06-03 01:26:09"|"Territory table update."|wmk
"2023-06-04 15:26:36"|"Territory table update."|wmk
"2023-06-05 19:54:03"|"Territory table update."|wmk
"2023-06-05 19:54:07"|"Territory table update."|wmk
"2023-06-05 19:54:15"|"Territory table update."|wmk
"2023-06-05 19:54:18"|"Territory table update."|wmk
"2023-06-05 19:54:21"|"Territory table update."|wmk
"2023-06-05 19:54:34"|"Territory table update."|wmk
"2023-06-05 19:54:38"|"Territory table update."|wmk
"2023-06-05 19:54:40"|"Territory table update."|wmk
"2023-06-05 19:54:48"|"Territory table update."|wmk
"2023-06-05 19:54:49"|"Territory table update."|wmk
"2023-06-05 19:54:51"|"Territory table update."|wmk
"2023-06-05 19:54:56"|"Territory table update."|wmk
"2023-06-05 19:55:01"|"Territory table update."|wmk
"2023-06-05 19:55:11"|"Territory table update."|wmk
